{
  "sequences": {
    "t103_A276536": [
      1,
      9,
      233,
      8673,
      376329,
      17800209,
      890215361,
      46294813497,
      2478150328777,
      135642353562321,
      7556884938829233,
      427106589765940137,
      24429206859151618209,
      1411391470651692285609,
      82245902444586364980057,
      4828398428680134702936273,
      285301514736710842444123977,
      16954339065857673857055644049,
      1012637650174995504444304512689,
      60755987296867280044587130152297,
      3660049663180768017505227942638929
    ],
    "cooper_s7_A183204": [
      1,
      4,
      48,
      760,
      13840,
      273504,
      5703096,
      123519792,
      2751843600,
      62659854400,
      1451780950048,
      34116354472512,
      811208174862904,
      19481055861877120,
      471822589361293680,
      11511531876280913760,
      282665135367572129040,
      6980148970765596060480,
      173234698046183331148800,
      4318681773260285456995200,
      108097865481304174733943840
    ],
    "cooper_s10_A005260": [
      1,
      2,
      18,
      164,
      1810,
      21252,
      263844,
      3395016,
      44916498,
      607041380,
      8345319268,
      116335834056,
      1640651321764,
      23365271704712,
      335556407724360,
      4854133484555664,
      70666388112940818,
      1034529673001901732,
      15220552520052960516,
      224929755893153896200,
      3337324864503769353060
    ]
  },
  "recurrence_verification": {
    "cooper_s7_A183204": {
      "status": "VERIFIED",
      "P1_coeffs_deg0to3": [
        "90",
        "177",
        "117",
        "26"
      ],
      "P0_coeffs_deg0to3": [
        "24",
        "78",
        "81",
        "27"
      ],
      "verified_range": "n=0..38",
      "n_failures": 0
    },
    "cooper_s10_A005260": {
      "status": "VERIFIED",
      "P1_coeffs_deg0to3": [
        "42",
        "82",
        "54",
        "12"
      ],
      "P0_coeffs_deg0to3": [
        "60",
        "188",
        "192",
        "64"
      ],
      "verified_range": "n=0..38",
      "n_failures": 0
    }
  },
  "growth_constants": {
    "t103_A276536": 62.2729335846886,
    "cooper_s7_A183204": 25.869407598260285,
    "cooper_s10_A005260": 15.33145497122354
  },
  "legacy_s12_s21_mass_ratio": 1.7371980724307585,
  "pairwise_growth_ratios": {
    "t103_A276536/cooper_s7_A183204": 2.407203696031928,
    "t103_A276536/cooper_s10_A005260": 4.061775852427061,
    "cooper_s7_A183204/cooper_s10_A005260": 1.6873419807067245
  },
  "real_data_delta_stats": {
    "overall": {
      "n": 35,
      "mean": 1.1243853713549958,
      "std": 0.0118761149428206,
      "min": 1.1029818846791932,
      "max": 1.142292700192308
    },
    "SDSS_BOSS_DR17": {
      "n": 9,
      "mean": 1.1251581337794545,
      "std": 0.011051325457280789,
      "min": 1.1029818846791932,
      "max": 1.1333908068240577
    },
    "EUCLID_Q1": {
      "n": 17,
      "mean": 1.1251669626528549,
      "std": 0.012509986345722285,
      "min": 1.1054608094617884,
      "max": 1.142292700192308
    },
    "GAIA_DR3": {
      "n": 5,
      "mean": 1.1215633722557043,
      "std": 0.012096903625058783,
      "min": 1.106771090696396,
      "max": 1.1335874147631704
    },
    "PANSTARRS": {
      "n": 4,
      "mean": 1.122852391758176,
      "std": 0.009748567665210888,
      "min": 1.106474665584344,
      "max": 1.1311626405750115
    }
  },
  "scorecard": [
    {
      "candidate": "S12/S21 (A112019-type)",
      "g1_ode_order": 2,
      "k3_type": false,
      "mirror_map_integral": false,
      "status": "REJECTED (Part VIII Sec.3): elliptic-type, q2=81/8 non-integral",
      "empirical_role": "Historical asymmetry-metric label only; NOT a validated K3 substrate"
    },
    {
      "candidate": "t103 (A276536)",
      "g1_ode_order": 3,
      "k3_type": true,
      "mirror_map_integral": null,
      "status": "GATE-C finalist: novel in-session discovery, held-out to 62 terms",
      "empirical_role": "mu=62.2729; Lean decide-proved n=0..20"
    },
    {
      "candidate": "Cooper s7 (A183204)",
      "g1_ode_order": 3,
      "k3_type": true,
      "mirror_map_integral": true,
      "status": "GATE-C finalist: literature-anchored (Cooper 2012), level-7 sporadic",
      "empirical_role": "mu=25.8694; recurrence VERIFIED"
    },
    {
      "candidate": "Cooper s10 (A005260)",
      "g1_ode_order": 3,
      "k3_type": true,
      "mirror_map_integral": true,
      "status": "GATE-C finalist: literature-anchored (Cooper 2012), level-10 sporadic",
      "empirical_role": "mu=15.3315; recurrence VERIFIED"
    }
  ]
}