{
  "J1713+0747ao_PINT_20220306.nb": {
    "spin_freq_hz": 218.81184376591662,
    "rnamp_posterior": 0.03648389614587583,
    "rnidx_posterior": -1.8593664500981295
  },
  "J1705-1903_PINT_20220307.nb": {
    "spin_freq_hz": 403.17844947413266,
    "rnamp_posterior": 0.6301230232107642,
    "rnidx_posterior": -0.36163772709542674
  },
  "J0610-2100_PINT_20220301.nb": {
    "spin_freq_hz": 258.9784789258879,
    "rnamp_posterior": 0.6628361062475183,
    "rnidx_posterior": -2.573009949034357
  },
  "J2317+1439_PINT_20220306.nb": {
    "spin_freq_hz": 290.25460814386946,
    "rnamp_posterior": 9.190754845637973e-15,
    "rnidx_posterior": 4.015091049933936
  },
  "J1022+1001_PINT_20220304.nb": {
    "spin_freq_hz": 60.77944885701699,
    "rnamp_posterior": 6.647264724702191e-15,
    "rnidx_posterior": 4.724084766345564
  },
  "B1937+21_PINT_20220306.nb": {
    "spin_freq_hz": 641.9282301726892,
    "rnamp_posterior": 0.07576425246886215,
    "rnidx_posterior": -4.18136276507297
  },
  "J1802-2124_PINT_20220302.nb": {
    "spin_freq_hz": 79.06642403844822,
    "rnamp_posterior": 1.5767122662996158,
    "rnidx_posterior": -1.4712131084544269
  },
  "J1738+0333_PINT_20220302.nb": {
    "spin_freq_hz": 170.93737240990174,
    "rnamp_posterior": 1.3044152167991346e-15,
    "rnidx_posterior": 4.1130183542255825
  },
  "J1012-4235_PINT_20220301.nb": {
    "spin_freq_hz": 322.46193271089305,
    "rnamp_posterior": 6.568698971674108e-15,
    "rnidx_posterior": 4.3794418072372014
  },
  "J0636+5128_PINT_20220303.nb": {
    "spin_freq_hz": 348.5592316814297,
    "rnamp_posterior": 2.721022468923049e-15,
    "rnidx_posterior": 4.1599445774486705
  },
  "J2017+0603_PINT_20220302.nb": {
    "spin_freq_hz": 345.27813639732335,
    "rnamp_posterior": 1.8861917053114475e-15,
    "rnidx_posterior": 4.655927204140206
  },
  "J1741+1351_PINT_20220302.nb": {
    "spin_freq_hz": 266.8691668149577,
    "rnamp_posterior": 4.836802815175446e-15,
    "rnidx_posterior": 3.778860604038795
  },
  "J0931-1902_PINT_20220301.nb": {
    "spin_freq_hz": 215.60881046018443,
    "rnamp_posterior": 7.522413429087477e-15,
    "rnidx_posterior": 3.6054533304379652
  },
  "J2043+1711_PINT_20220302.nb": {
    "spin_freq_hz": 420.18944316950785,
    "rnamp_posterior": 1.2093676281562723e-15,
    "rnidx_posterior": 4.9230622054491215
  },
  "J1024-0719_PINT_20220302.nb": {
    "spin_freq_hz": 193.71568633003176,
    "rnamp_posterior": 1.7503269122639187e-15,
    "rnidx_posterior": 4.39825613690436
  },
  "J1630+3734_PINT_20220302.nb": {
    "spin_freq_hz": 301.3761923642413,
    "rnamp_posterior": 9.914232228224873e-15,
    "rnidx_posterior": 4.860439162650804
  },
  "J2322+2057_PINT_20220302.nb": {
    "spin_freq_hz": 207.9681664721182,
    "rnamp_posterior": 8.461677870164579e-15,
    "rnidx_posterior": 4.107981645008636
  },
  "J1903+0327_PINT_20220304.nb": {
    "spin_freq_hz": 465.13524481447735,
    "rnamp_posterior": 1.8185552631712107,
    "rnidx_posterior": -1.4183769033041773
  },
  "J0509+0856_PINT_20220302.nb": {
    "spin_freq_hz": 246.55815710836114,
    "rnamp_posterior": 3.20994353933662e-15,
    "rnidx_posterior": 4.900980488924877
  },
  "J1643-1224gbt_PINT_20220305.nb": {
    "spin_freq_hz": 216.37334041696326,
    "rnamp_posterior": 1.4034203283791953,
    "rnidx_posterior": -0.9689611476084415
  },
  "J1811-2405_PINT_20220301.nb": {
    "spin_freq_hz": 375.85601971896796,
    "rnamp_posterior": 2.2234951590958144e-15,
    "rnidx_posterior": 4.028662633967757
  },
  "J2145-0750_PINT_20220302.nb": {
    "spin_freq_hz": 62.29588879225955,
    "rnamp_posterior": 0.3227565454791709,
    "rnidx_posterior": -0.5300414774478358
  },
  "J0437-4715_PINT_20220301.nb": {
    "spin_freq_hz": 173.68794796914364,
    "rnamp_posterior": 0.07842538593543809,
    "rnidx_posterior": -0.06353280089768315
  },
  "B1937+21gbt_PINT_20220304.nb": {
    "spin_freq_hz": 641.928230397199,
    "rnamp_posterior": 0.1501178865489233,
    "rnidx_posterior": -3.075216790678126
  },
  "J1903+0327ao_PINT_20220302.nb": {
    "spin_freq_hz": 465.1352448144756,
    "rnamp_posterior": 1.6540808170688914,
    "rnidx_posterior": -1.6305301005510544
  },
  "J1600-3053gbt_PINT_20220302.nb": {
    "spin_freq_hz": 277.937711193194,
    "rnamp_posterior": 0.1046770418489847,
    "rnidx_posterior": -1.2916001537815753
  },
  "J0406+3039_PINT_20220304.nb": {
    "spin_freq_hz": 383.33944804941325,
    "rnamp_posterior": 3.7938082014491986e-15,
    "rnidx_posterior": 3.796787143524308
  },
  "J1918-0642_PINT_20220302.nb": {
    "spin_freq_hz": 130.78951610879994,
    "rnamp_posterior": 4.253606496976178e-15,
    "rnidx_posterior": 4.483852101170733
  },
  "J1455-3330_PINT_20220301.nb": {
    "spin_freq_hz": 125.20024515072988,
    "rnamp_posterior": 4.304784476018376e-15,
    "rnidx_posterior": 4.481547107346391
  },
  "J1909-3744gbt_PINT_20220303.nb": {
    "spin_freq_hz": 339.31569232378536,
    "rnamp_posterior": 0.01000277664144097,
    "rnidx_posterior": -3.726932106577391
  },
  "J1853+1303_PINT_20220302.nb": {
    "spin_freq_hz": 244.39137771284766,
    "rnamp_posterior": 0.09991853159656204,
    "rnidx_posterior": -1.9880201739751295
  },
  "J1713+0747gbt_PINT_20220302.nb": {
    "spin_freq_hz": 218.81184376157657,
    "rnamp_posterior": 0.02329515591446625,
    "rnidx_posterior": -2.800368333241606
  },
  "J1640+2224_PINT_20220305.nb": {
    "spin_freq_hz": 316.12398420312155,
    "rnamp_posterior": 4.448292280570205e-15,
    "rnidx_posterior": 3.957954036149471
  },
  "J0645+5158_PINT_20220302.nb": {
    "spin_freq_hz": 112.94972318788601,
    "rnamp_posterior": 6.467243457807018e-15,
    "rnidx_posterior": 4.260816323109859
  },
  "B1953+29_PINT_20220301.nb": {
    "spin_freq_hz": 163.047912896174,
    "rnamp_posterior": 0.6253572316277657,
    "rnidx_posterior": -1.3700936599929614
  },
  "J0030+0451_PINT_20220302.nb": {
    "spin_freq_hz": 205.53069907954085,
    "rnamp_posterior": 0.009153659443387651,
    "rnidx_posterior": -4.749453421261657
  },
  "J0340+4130_PINT_20220302.nb": {
    "spin_freq_hz": 303.0909793675353,
    "rnamp_posterior": 6.47444062980346e-15,
    "rnidx_posterior": 4.327521507334807
  },
  "J1923+2515_PINT_20220301.nb": {
    "spin_freq_hz": 263.9807141927917,
    "rnamp_posterior": 5.239598808163339e-15,
    "rnidx_posterior": 4.054206563618191
  },
  "J2124-3358_PINT_20220301.nb": {
    "spin_freq_hz": 202.79389664823142,
    "rnamp_posterior": 9.93878890039557e-15,
    "rnidx_posterior": 4.651012139373721
  },
  "J1453+1902_PINT_20220302.nb": {
    "spin_freq_hz": 172.64290990765852,
    "rnamp_posterior": 7.224608131733404e-15,
    "rnidx_posterior": 4.456914137208776
  },
  "J1012+5307_PINT_20220305.nb": {
    "spin_freq_hz": 190.26783733256113,
    "rnamp_posterior": 0.6353918721217573,
    "rnidx_posterior": -0.9091983907306205
  },
  "J1909-3744_PINT_20220303.nb": {
    "spin_freq_hz": 339.31569232322727,
    "rnamp_posterior": 0.0066673228284861545,
    "rnidx_posterior": -4.410311734140123
  },
  "J2234+0611_PINT_20220304.nb": {
    "spin_freq_hz": 279.5965820643019,
    "rnamp_posterior": 0.11096688324137022,
    "rnidx_posterior": -1.2452906201821112
  },
  "J0605+3757_PINT_20220301.nb": {
    "spin_freq_hz": 366.5750749371134,
    "rnamp_posterior": 1.941294241531156e-15,
    "rnidx_posterior": 3.6396712199893746
  },
  "J0023+0923_PINT_20220301.nb": {
    "spin_freq_hz": 327.8470205017109,
    "rnamp_posterior": 7.360350395810437e-15,
    "rnidx_posterior": 3.7124072100934296
  },
  "J0740+6620_PINT_20220302.nb": {
    "spin_freq_hz": 346.5319964626228,
    "rnamp_posterior": 6.439379559703445e-15,
    "rnidx_posterior": 3.9232626872082044
  },
  "J2010-1323_PINT_20220302.nb": {
    "spin_freq_hz": 191.45091203026868,
    "rnamp_posterior": 8.09503633825573e-15,
    "rnidx_posterior": 4.184483402107015
  },
  "J2229+2643_PINT_20220301.nb": {
    "spin_freq_hz": 335.81621336244234,
    "rnamp_posterior": 1.2654700424657666e-15,