{
  "n_sectors": 113,
  "scorecard": {
    "legacy_S12_S21": {
      "n": 113,
      "mean": 1.1107495994996985,
      "std": 0.02884856466983312,
      "cv": 0.025972158516039106,
      "elevation_vs_ref": 3.396787766054124,
      "abs_diff_from_observed_elevation": 0.041744344037619285,
      "corr_with_num_galaxies": 0.10693543026386144,
      "min": 1.041532871929245,
      "max": 1.1458287505467966
    },
    "t103_A276536": {
      "n": 113,
      "mean": 1.446495006597443,
      "std": 0.035472366794932035,
      "cv": 0.024522979086096446,
      "elevation_vs_ref": 4.423532130267409,
      "abs_diff_from_observed_elevation": 0.9850000201756659,
      "corr_with_num_galaxies": 0.19450964023961195,
      "min": 1.3556466711910116,
      "max": 1.484969339795739
    },
    "cooper_s7_A183204": {
      "n": 113,
      "mean": 1.072994515980155,
      "std": 0.028487341374392232,
      "cv": 0.026549382079897883,
      "elevation_vs_ref": 3.2813287950463454,
      "abs_diff_from_observed_elevation": 0.15720331504539775,
      "corr_with_num_galaxies": 0.09340007157714063,
      "min": 1.006209122928658,
      "max": 1.1079276493474126
    },
    "cooper_s10_A005260": {
      "n": 113,
      "mean": 0.9648750273459519,
      "std": 0.028008242991626135,
      "cv": 0.029027845262683843,
      "elevation_vs_ref": 2.9506881570212595,
      "abs_diff_from_observed_elevation": 0.48784395307048367,
      "corr_with_num_galaxies": 0.051186037352193986,
      "min": 0.9042741624370346,
      "max": 0.9997109860289348
    }
  },
  "ranking_by_cv": [
    "t103_A276536",
    "cooper_s7_A183204",
    "cooper_s10_A005260"
  ],
  "ranking_by_elevation_diff": [
    "cooper_s7_A183204",
    "cooper_s10_A005260",
    "t103_A276536"
  ],
  "ranking_by_correlation": [
    "cooper_s10_A005260",
    "cooper_s7_A183204",
    "t103_A276536"
  ],
  "observed_elevation_historical": 3.438532110091743,
  "most_stable_k3_hypothesis": "t103_A276536",
  "closest_elevation_k3_hypothesis": "cooper_s7_A183204"
}